Id,Word
34,but
19219,apt
293,reported
503,groups
48913,slavonic
7070,marcus
45209,clustering
79856,bootstrap
4640,valuable
4968,preferred
136385,unordered
35890,'95
23821,cf
220925,bio-medical
12925,weaknesses
272833,abductive
3029,walked
16549,pairing
18146,respectful
33364,pos
1257,date
29334,facilitates
6509,firmly
4553,demonstrations
11628,filter
3847,principle
3420,p
7037,convert
719,body
8743,weighted
20299,imitation
21699,erroneous
2784,imposed
45263,memorize
5025,l
299551,tractability
101112,reduplication
143500,connectives
9434,functional
1528,powerful
2233,communities
1372,independence
933,data
15065,spontaneous
4382,counts
21227,unix
103557,inapplicable
3405,educational
20213,ambiguity
1276,practice
30021,resultant
33526,anchoring
10340,theoretical
16162,compression
2747,indeed
59218,retrieves
1113,particularly
122348,corrector
48625,syntactic
6223,approaches
70124,modifier
51582,correlations
841,try
13450,downstream
18222,spatial
6748,decrease
24300,topical
1987,heads
1506,quality
2891,category
8894,practically
7296,gen
34378,salient
4092,error
24016,interfaces
26947,converse
1516,software
1912,items
67829,nigam
602,index
890,turn
86977,semantically
15041,render
14614,dominates
16347,lyric
380,development
18704,fragment
13757,interpretations
23020,scanned
21558,constrained
53023,duplicating
3447,fixed
43402,gaussian
31017,qualitative
2317,therefore
1707,draw
2145,scoring
92,state
2969,tells
9106,spelling
12992,satisfying
19489,listener
14510,pioneered
2376,links
2802,computers
4621,lie
31102,tiers
31549,gui
15315,genuinely
17938,uncover
6395,aspect
24721,elaborated
1129,break
3399,h.
36447,maximal
732,technology
19165,collaborations
5240,derived
40661,motivates
16646,ensures
12281,stack
3877,principles
3153,obtained
111714,knowledge-based
7111,successive
5472,improvements
3606,besides
5124,mechanism
190,take
10584,combines
10800,explored
6820,capability
179061,referents
49766,underlies
51997,hmm
2646,1983
114620,mimo
27377,optimum
11842,corrected
1126,coalition
107,may
63498,declarative
22756,rhetorical
717,closed
1913,benefits
10588,reduces
1616,70
266,women
1966,push
1044,parts
2441,ends
1069,above
1487,laws
383129,bakeoff
1190,build
13601,baseline
4847,telecom
325,air
576,site
178918,flexibilities
24822,reliably
81,you
5357,hk
2951,infrastructure
21481,motivate
3744,equivalent
126896,disjunctive
16673,utilize
40600,triplets
473,human
6525,87
7130,boosting
224845,recomposed
575,enough
48704,cooperatively
7489,inventories
511,change
34182,acl
26479,optimization
5230,script
34148,conventionally
5656,rely
42,which
1466,foundation
1065,step
248935,nlg
78023,topmost
223191,human-machine
1780,carrying
19505,dependency
76063,'91
118982,histogram
50496,categorization
165371,monotonically
31197,interchangeable
109,many
1699,organizations
192441,1.
12701,mapping
1646,supply
13978,alignment
3262,covers
74486,epistemological
863,space
643,exchange
197587,vme
48349,synthesize
320910,quot
29479,zoological
451,decision
7487,ordering
4885,update
772,cost
14517,outlines
38585,fragmentary
107236,corpora
35750,iteration
3546,partly
3475,suggests
9704,systematic
13701,inherent
5046,establishing
308817,conceptualizes
3230,moderate
29539,conveying
4801,visible
5823,moreover
6603,assess
20860,generalized
825,operations
4182,passage
7651,logic
532,per
150008,fine-tuning
15856,ubiquitous
2800,purpose
4753,procedure
2300,finding
197,how
4986,arguments
14904,shortcomings
26779,tutoring
2029,numerous
318254,anaphoric
24502,constructions
60075,antecedent
23110,expressive
5474,arabic
9977,lend
31544,lf
3771,occur
194956,multi-site
28094,demonstrator
3509,aim
2111,offering
418,11
2008,slightly
5403,e.g.
4544,merely
901,offer
84,no
11901,constraints
1283,student
4062,frequent
143745,inverses
54041,combinatorial
178293,mrr
37325,small-scale
12414,cognitive
10288,settings
41591,programmable
4669,processing
53490,kamp
794,situation
4848,knight
124782,syntactical
10317,paths
819,ii
7817,workshop
1156,potential
39945,modal
3824,employed
477,total
47472,lms
63604,discontinuous
1841,defeat
155559,predicative
459,industry
9378,orientation
8188,symbols
69290,bibliographic
928,followed
3283,birds
328939,non-monotonic
5534,similarly
6491,walks
27522,computation
3533,crossing
1612,store
299311,feature-rich
19464,incorporation
1432,goes
19212,"23,000"
16817,maximize
14999,gb
42662,transliteration
21111,distinctions
2100,engine
24671,identifiable
77709,decoders
1562,stories
9242,clues
2358,machine
3765,bound
226307,orthographical
4101,operates
9742,editing
24710,dialog
37158,tl
22016,contexts
34339,etc
4083,gene
12711,structured
1200,dropped
1116,60
24488,localized
1708,bus
16596,representations
976,runs
2756,output
204497,rejoinders
1141,spanish
95833,monolingual
205,foreign
6466,criteria
159698,inter-related
1555,planning
11890,generators
171850,speech/language
55,two
1265,figure
387,france
389,point
15803,insured
18682,node
1567,improve
86725,bottom-up
122996,multi-lingual
66609,algorithmic
4988,rough
2385,walk
8118,disk
1886,90
9642,adopting
14139,validity
14336,capitalization
5974,initiated
2125,none
106081,paraphrases
8311,suite
9038,consultation
1343,0
2326,coverage
36339,mixtures
17990,summaries
6552,prague
7637,objectives
4599,object
6566,guided
5064,judgment
4001,interesting
3536,resulting
34522,adequacy
76,last
4800,solutions
3885,recommended
62028,interlocutor
12449,exploited
18374,affinity
1504,necessary
83328,expressiveness
377683,agglutinating
8812,well-known
181915,ideograms
37761,guesses
402,lost
112055,explication
4837,separated
3854,informed
5933,signature
212294,independency
2960,behavior
56492,parametric
3309,gap
106788,nitpicking
7089,surprisingly
2876,represent
57857,nps
2064,generation
29747,pivot
74,over
14140,collaborative
93741,inuktitut
20302,trajectory
38811,implausible
7215,classification
7458,implementing
52488,bayesian
42675,impersonal
14585,extensions
3459,extend
34237,cognition
148363,obviating
26281,minimalist
2773,strongly
72508,estimations
24366,morphology
46828,co-workers
8804,dominance
3996,consequences
2367,ranked
73535,sls
2610,temple
2265,continuing
16563,notify
17072,mediated
2366,creating
1850,request
2881,document
139427,schemata
456,often
4246,traditionally
683,form
61512,nonverbal
1721,presence
4059,rank
4342,stem
6112,processes
3275,recognition
8543,identifying
3467,wish
1648,turkish
18911,gaze
6390,examined
67944,affix
12574,interact
865,manager
95586,maximization
2749,#
23515,undesirable
4810,efficient
87904,comparator
2065,pick
288037,passives
5297,assured
251877,kds
40,had
9534,matrix
1470,train
37023,weighting
7107,beliefs
2546,severe
11870,155
84413,trost
3682,typical
15282,applicable
13491,transforming
837,stop
4726,addressed
4431,framework
18951,copying
42167,transliterated
15078,metaphor
2078,combined
1057,records
108941,context-free
239376,aspectual
36240,metrics
2190,partners
9589,portable
4803,resolved
375198,wh-movement
11952,backgrounds
25587,stylistic
4857,practical
135937,l0
54562,formatting
22173,interpreting
2296,distance
9426,construct
52335,computations
80982,argumentation
3167,latter
7042,matched
139882,n6
2621,core
18342,derive
399,become
4327,carl
5159,exact
11196,learns
1347,formed
507,whose
23687,browsers
36157,explanatory
5369,gender
60,up
13823,neal
7141,binding
4357,categories
1196,commercial
28256,lexicon
4485,indicate
1715,author
7747,"12,000"
37829,pds
9143,respects
1426,individual
204494,delimiters
2957,proposals
9396,likelihood
21543,substitution
3436,handle
78298,spr
30695,sketched
4315,tools
222,going
9119,layout
13259,inheritance
12658,forecasting
4549,etc.
6486,collecting
29965,dod
61531,bracketed
6351,database
20815,hubs
2887,initiative
907,makes
5607,psychological
3693,scheme
6368,controlling
81146,tipster
32893,frameworks
1250,overall
1105,claimed
1727,rich
59871,heuristic
33973,constructs
2220,putting
1381,plays
18881,physiology
24564,graphs
3224,mining
300489,langauge
3823,fill
92084,cer
127073,interleaved
409,4
5969,iv
2477,tracks
1246,mostly
15960,ambiguous
9000,log
299,history
7951,engaging
18113,outperform
5781,existed
8737,propose
2638,indicated
5893,resource
5354,introduce
22467,inflow
2615,perfect
181564,state-of-the
88766,heuristics
2023,allowing
3226,contemporary
2535,fashion
6673,highlights
6876,surveys
1972,structure
241,place
97963,multimodal
13930,modes
7338,relating
3231,deadline
3787,supports
8406,harmony
1684,assistant
7815,calculated
4,to
6523,naturally
9057,successes
5949,topics
5384,imported
1705,ten
310949,hmms
4462,marines
2422,sentence
5126,stops
108,since
1072,addition
20482,triggers
163793,subgraphs
2858,link
6093,patterns
113968,adverbial
3561,sharing
4467,pattern
55405,analyzer
20563,characterization
81577,swart
3559,identify
27573,principled
13,on
148497,stricto
13380,efficiently
1585,x
1683,native
15416,encoded
13697,*
10852,arise
7867,princeton
248,right
15478,emphasizes
23732,revisit
57392,negra
50713,49.3
5870,exercises
87,three
2057,faced
27324,xml
11058,reasonably
7878,matching
149,still
5828,exhibit
18681,correlation
5038,focusing
550,match
384170,compositionality
5677,jointly
25,from
152070,annotating
1786,highly
1298,ordered
3225,rating
9092,beings
4276,techniques
6823,statistical
76609,unadulterated
11516,considerations
38288,decoding
7361,labels
39301,substitutions
10589,mit
28936,intractable
13142,desirable
1675,choice
9680,workshops
3535,outstanding
51194,miscommunication
761,provide
48921,ontology
268,power
36158,web-based
39663,chomsky
5676,themes
4216,85
12401,splitting
5296,challenging
13636,definite
35098,dependencies
18621,labelled
70438,correspondences
1561,suggested
10251,correctly
336883,hastiness
1442,responsible
8865,transfers
25599,permissible
1468,search
2981,flow
220,top
27,''
4931,classified
9979,logical
542,role
4903,devoted
20462,enriching
8238,texts
492,taken
51452,alignments
704,position
13386,si
5517,examination
628,california
11400,graph
15036,senses
4449,twenty
1165,changed
3272,device
7239,considerably
595,trying
8271,applying
29587,state-of-the-art
593,share
6503,dual
3565,specifically
164481,100-fold
3388,capture
12940,stall
24877,achieves
1812,note
6778,scenario
582,taking
48237,permutation
425,within
680,included
2598,sort
1910,refer
866,loss
1983,respect
212950,substring
314581,i860
1423,model
34426,enlarging
5804,diverse
5012,demonstrated
32996,patchy
7457,precise
137489,complementation
9088,2.0
11149,4.1
162117,terabyte
27810,nods
12246,modeling
12571,mirrors
2711,memory
5048,et
9141,variable
1952,provides
62,year
33524,tokens
1209,significant
12429,passive
78784,derivations
13462,occurrence
17467,terminology
2303,sets
69065,one-to-one
17011,binary
7317,facilitate
6323,witnessed
12597,algorithm
2237,dark
938,bring
206,10
2127,approximately
687,reports
191955,combiner
2001,ones
11271,preparatory
10306,exploit
1448,challenge
426,large
6980,stored
2112,organized
746,course
3404,seed
8305,effectiveness
15376,tailored
213650,syllogistic
27257,acquires
3982,implementation
194592,muc
77536,operable
38488,suffixes
8024,productive
4636,prevention
10347,performs
52821,abstracting
32642,standalone
11518,readings
13369,dubious
10888,discovers
96412,hypothesize
561,behind
5426,periods
1158,value
564,named
21270,inputs
15198,ascent
125776,distributional
1469,names
5494,errors
3773,margin
1810,ensure
56339,commonality
71736,longman
21763,confer
32456,equivalence
168937,cdd
148170,rephrase
1999,novel
23690,summarized
15529,judgments
82139,katakana
85,world
1173,source
297558,karttunen
4597,kinds
1769,measure
5140,w
5950,consisting
2543,considering
90491,73.2
9889,accepts
159018,workability
12616,ineffective
609,higher
31574,pronouns
69617,paraphrasing
8858,transparent
3562,versions
318906,multi-event
661,ever
2583,marks
11229,scratch
5620,counted
636,short
2061,forest
44,their
149576,agent-based
19,as
290848,subparagraph
8788,meaningful
1275,size
2374,involving
708,2004
75633,orthographic
97041,interlingua
12057,incorporates
1829,gives
2444,attempts
8834,compounds
2476,referred
55344,newsgroup
21835,overt
7801,imposing
2149,foot
2043,representative
15554,vocabulary
82091,toponyms
46754,summarize
4510,describes
2741,learning
2301,meaning
6921,trick
40296,decomposing
11833,undergone
7505,weighed
81834,lilt
4391,intention
900,either
62986,changeable
13281,straightforward
20973,verbs
42569,well-defined
23234,multiparty
948,remains
3729,ratings
2312,czech
269,think
9359,mathematical
800,40
18475,progressing
47459,conceptually
37518,markup
174,five
21337,reconstruct
2886,estimates
7433,naming
4835,forests
4508,commentary
10257,acoustic
3814,n
57143,nca
9374,johnston
11327,consuming
93460,eigenvectors
10395,lucy
804,thought
19971,inherently
653,low
20205,computational
5691,translated
871,rather
2541,broad
20933,progresses
4055,findings
114335,tunable
32623,forecaster
1299,successful
1203,drive
21552,fulfillment
16274,ot
6300,reliable
11576,similarities
12049,converting
13444,reasoning
10228,sensitivity
118732,extensional
3006,unique
1260,wide
10376,emphasize
10864,discharge
2455,facility
8076,ai
667,able
28,``
102530,rohrer
304813,log-likelihood
47242,non-native
49517,contextual
9336,grammar
16981,fuzzy
41731,formatted
7000,specialized
11176,nl
172651,preceeding
43504,paraphrase
69063,spatially
14691,captures
650,2007
4402,lists
5692,ideal
1026,finished
8284,compare
51175,usability
3807,recognize
1620,weather
4777,expression
30896,disregarded
5771,credibility
6851,organize
13227,assessing
15952,feasibility
149975,non-contiguous
7876,treatments
20877,supplemented
1267,claims
641,average
8047,indicators
5599,77
6397,cope
44595,halliday
3687,drawing
533,current
9157,aided
4808,elementary
46468,'92
24473,unfolds
29606,propositions
6314,discover
18009,meanings
3727,attending
275,help
39516,hardness
69,people
3487,gathering
13593,alleviate
2622,elements
10084,tended
700,meet
2807,chosen
9330,fraction
1366,session
15379,protocols
1225,proposed
37290,tm
12504,auxiliary
2796,exactly
21263,scarcely
5244,separately
749,medical
1367,serve
14373,merging
915,families
45889,unsupervised
199,early
9382,premature
117043,unlabeled
20995,formulate
54193,optimizing
175,called
5153,sole
14866,modification
5584,fda
7995,enabled
118992,transliterations
2099,decide
4787,automatic
5220,stream
17464,notions
25172,multiply
1443,message
273,show
47602,darpa
2215,completely
2875,types
16990,differed
69951,97.9
240508,intensional
34534,analysed
31518,unregistered
6877,dynamic
11112,packing
78604,transducer
7837,transitional
13089,locality
32,are
7846,oral
31286,reuse
3444,formally
12141,observing
9670,exceptions
6412,fake
143,well
13653,problematic
7,a
22399,unexplained
75816,datasets
1505,navy
11647,sampling
1927,happen
64173,unstructured
1845,spot
7323,checking
1692,dutch
2540,connection
3197,aware
4260,classical
1207,unit
4748,conflicts
156,end
15652,intervals
1681,directed
8292,intelligent
1671,particular
52809,iterations
9574,streams
408,need
10746,fragments
68768,qa
9357,motivation
26345,validation
34308,447
63390,generative
5013,preserve
16675,routing
26628,occurrences
6556,descent
29669,longitudinal
12243,email
12375,assignments
13420,corpus
5442,completion
5291,explanation
1253,passed
1884,millions
264921,fsas
5146,implemented
1928,capacity
87981,mdl
60408,enumeration
6605,contrary
12392,marker
4325,tea
1187,starting
259886,attune
57198,probabilistic
17107,integrating
14463,frequencies
7553,generating
26432,factored
4052,forcing
887,allowed
3638,copies
980,1994
9921,explicit
4172,viewed
567,real
46004,nested
1600,moment
1963,block
59660,generalize
1335,positive
2104,civilian
31211,tease
110263,inflectional
62975,smt
1593,gained
2657,75
1706,seemed
28048,interconnected
9194,merge
918,1996
4309,amounts
4070,announce
3055,"100,000"
34890,ported
32717,outputs
5211,sentences
383986,extraposition
53378,interrelated
70674,approximating
4226,blocks
100498,baselines
15905,ellison
136725,indexation
1937,boost
7941,extensively
4656,assumed
5816,silva
2328,1987
5148,repeat
5821,collections
1619,carry
30364,exponential
332,never
16539,overlap
18998,learnt
4880,concerning
6594,speeches
11624,interactions
338513,interrogatives
22488,suffix
571,rate
6779,item
306,few
3572,communication
69505,lattices
45958,predicate
28850,satisfies
1403,actually
8058,variations
46555,authoring
27338,caption
3270,papers
104094,two-step
6045,mixture
11929,induced
12066,indirectly
407,30
32789,unambiguous
4185,expanding
3697,absence
3099,chart
604,results
4755,carefully
14077,000
98483,formalization
41010,10k
225,known
51,been
14575,simulation
86038,real-valued
1682,replaced
4171,spoken
331,line
11943,organizational
307,run
21145,dialogues
3145,classes
527,policy
179505,pipelined
182,next
9511,observations
520,research
14535,inaccurate
3669,transition
1070,summit
211881,rcl
1530,account
2276,begins
17634,examines
2854,file
53,we
9346,integral
2893,driven
41796,experimentally
5270,graphics
19244,authoritative
1252,design
4463,sentiment
15074,gale
33380,informational
8034,aggregate
4033,guarantee
133,four
4018,ordinary
58491,parse
74457,disjoint
3726,defined
341404,schutze
10371,min
5295,depends
67375,verifies
1051,sides
1284,concerns
17473,corresponds
30408,entropy
4060,vital
802,hold
9190,resolving
18190,synonymous
2161,benefit
124792,non-local
187390,right-side
11420,separating
20585,embodied
2093,background
2852,expanded
2793,judges
3398,combination
809,met
9551,arc
7994,nearest
12450,scarce
20383,citations
1410,features
2503,newly
296,without
8269,overview
1445,ties
30789,metaphors
847,decided
12335,grasp
4909,encouraging
815,base
2191,direction
23601,accommodating
5103,generate
68183,constraining
35781,degrade
2739,cited
14465,utilized
2372,mobile
2054,uses
2514,limit
1144,takes
12135,12.5
63591,dispositions
51829,abstractions
762,worked
117618,syllogism
4103,examples
20845,subset
201,several
17142,macro
3083,vast
19834,tagged
2743,entry
4355,fail
461,young
1830,activity
9059,behaviour
5319,answers
12184,reliability
10452,archive
3910,containing
2400,closely
9770,tightly
99922,worst-case
864,rates
23232,adaptive
6141,tonnes
1626,critical
7046,ingredients
224,major
5711,mode
5156,signals
169,get
2983,flat
95826,off-the-shelf
1099,sources
3752,locations
68728,formalizing
3925,description
421,12
2147,simple
20220,paradigm
151,even
19123,ideally
11989,arbitrary
2617,establish
30912,decision-making
744,recently
846,cases
1489,analyst
2278,thai
1797,wrong
483,move
41773,nugget
3782,comprehensive
314,3
495,issue
1990,1988
16810,coping
11089,relate
4220,seeks
2949,unknown
10270,prominence
127,then
325230,defeasible
11505,dependence
28695,grammatical
318420,non-terminal
13165,evaluated
30002,derivation
1371,projects
3184,missiles
8679,ana
38707,adaptable
299904,partee
124242,summations
8541,entities
524,6
5190,pc
19571,noun
68019,ner
5036,necessarily
5061,uniform
176302,preprocessing
18008,viewpoint
2181,adopted
1254,focus
4555,hidden
906,evidence
9994,necessity
1777,contributed
19542,novice
7256,measuring
69058,6.56
8337,kyoto
7230,penn
28121,arbitrarily
2488,alternative
2565,doubt
1556,b
5128,loose
5199,ibm
14146,neighbour
10455,encourages
4415,execution
3515,apply
4823,components
3189,operate
88017,tabular
44885,runtime
596,find
6145,dependent
3077,references
2779,arabia
1799,widely
152120,miscommunications
1324,huge
5379,parallel
7802,addresses
14337,analyzing
970,shows
2239,aids
3517,q
2223,relatively
5480,partial
57937,approximations
52,also
10542,slice
4320,treat
11794,impacts
8675,shifts
3383,contributions
2644,elsewhere
178801,bmm
11606,sr
19143,differentiate
3322,consists
657,14
15170,analyses
3456,apparent
16147,approximate
4193,assessment
1379,studies
11045,resemble
8591,satisfaction
162,our
33412,morphological
13416,clusters
21381,empirical
15828,markers
10336,conditioning
167072,parses
19795,<
5101,ignored
1500,scene
8464,comprising
454,given
31206,refinement
491,street
15526,chunks
3074,e.
242,go
14846,modify
118,between
14703,botanical
90175,stabler
1420,ways
17665,optimal
64,all
96760,prolog
5920,commitments
25084,inducing
8085,conventions
1346,stand
13830,tuned
1573,generally
125149,domain-specific
200534,accuracies
41488,kanji
9792,linear
13575,translations
26622,refuted
392,your
4015,extent
101511,focusses
105225,ontologies
3470,estimate
3238,dedicated
6733,cooperative
13332,bolstered
3371,happens
3570,actual
18736,plausible
1368,progress
52877,utterance
743,act
161011,submanifold
9855,align
4577,nevertheless
20819,predominant
445,due
10810,sufficiently
911,needed
174335,instantiation
1483,relationship
4559,fairly
20503,distortion
10186,explicitly
226,points
6157,presents
11464,configuration
18648,indifference
283506,stemmer
18792,functionality
43829,bia
11630,compatible
14191,improves
6274,guidance
245,third
2115,effects
49935,refinements
18033,scaling
339,put
6090,consistently
24983,enhances
1452,entire
58563,freund
1220,leaving
1679,add
149732,hand-built
76803,visualizing
9055,generic
53683,subtypes
59951,general-purpose
236636,context-dependent
8798,satisfy
1973,normal
2473,analysis
68221,newswire
6788,robust
22521,imperfect
1014,produced
21255,manually
31242,presume
4334,submitted
37297,calibrated
1729,influence
21151,translating
79868,parsed
20098,transcription
43630,abstracts
6168,hardware
53894,antecedents
9487,specified
179,way
436,attack
2866,frequently
6437,adequate
13068,generator
59,about
361,japan
7955,tolerance
4854,wire
28886,approx
439,better
44606,generalizations
2218,upper
862,looking
18762,literal
3221,inspired
3148,limits
11078,translator
16388,domains
752,reached
308658,error-correction
378,again
698,title
782,2003
1979,advantage
747,problem
2811,passing
6349,characteristics
2984,theme
57,'
16767,analytical
5515,1.6
35743,generalization
1217,condition
214615,ramshaw
226482,left-side
3665,faster
210304,idiosyncracies
6409,coordination
1125,details
4710,context
4946,reflected
43175,summarizes
140,american
11419,meteorological
381395,conrath
238,found
22736,html
6654,separation
2558,referring
156643,data-driven
2768,content
5150,uncertainty
105966,infeasible
22840,familiarity
1728,offers
6699,toy
791,involved
2335,focused
40041,overcomes
8923,coupled
9785,rendered
158522,wsi
25194,transformations
57974,vagueness
73697,combinatorics
435,deal
1359,treatment
173,long
1388,word
1568,consider
2407,easily
2909,ultimately
7468,decorated
5294,adjacent
33,have
38766,liaisons
4186,laboratory
18721,hoc
14787,fared
11106,documentation
5306,samples
11743,speculative
21191,"110,000"
2603,corner
235,members
14625,proportions
14961,restrictive
964,child
1885,gain
88166,compactness
16322,specification
99,u.s.
10924,designing
1091,korean
21705,plume
4465,roberts
7873,coordinate
577,opposition
35489,fluctuation
8317,alternatives
60949,facile
1513,confidence
7299,laugh
8216,transform
7512,flexibility
6726,relation
14346,finite
32678,markov
771,previous
760,art
55142,arguello
62801,assessors
8106,default
4228,contribute
254,best
159351,lexicons
8231,communicate
25098,illustrating
175107,phrasal
850,works
3023,achieved
3003,predicted
11875,projection
11118,aligned
11063,extract
5610,composition
11305,primitive
13980,suppress
3133,perform
145805,tagger
204,around
24875,estimation
1022,reach
27337,lm
4891,routine
9254,averaging
5635,raises
8850,purely
467,russian
11556,integrate
42439,synchronous
7673,animation
69388,quantification
8354,detect
7100,interactive
333,little
1904,card
8441,skilled
2169,internal
5876,neutral
34084,bottlenecks
3007,label
221566,good-quality
965,probably
20588,limitation
90936,icicle
455,give
8774,interaction
6608,experiments
1333,cover
85739,87.6
10638,browser
6878,psychology
56,more
97357,intelligibility
570,term
9173,indications
48298,formulae
16317,strand
1967,agent
4498,objects
92583,zadeh
2781,acquired
8339,ensemble
8910,evaluate
32954,summing
18551,formulation
1494,direct
294098,user-specified
1274,traditional
1499,songs
15774,attain
2090,eye
110087,relatedness
23378,canonical
15210,systematically
237,area
10500,poster
14610,adjusting
14570,neat
2602,1979
694,taiwan
101492,dimensionality
2978,reference
6286,warfare
251026,sentential
187080,ucg
2681,typically
30450,insertion
295,added
339689,hpm
9195,consequently
686,increase
957,operation
11558,sounding
222358,sparsity
4868,o
6663,capabilities
1380,sense
3311,minimum
15308,explores
153127,summarise
3962,technologies
14241,evaluating
26313,typed
62840,threading
76331,meshes
70480,end-to-end
676,13
1580,thus
17868,indispensable
29001,equivalents
88983,bi-directional
28152,misunderstandings
3045,bear
4026,triple
5869,modified
2577,stands
1192,certain
219315,time-sensitive
24876,circumvent
489,further
1202,canadian
73805,convolution
75,into
6943,permits
17924,anchors
24026,vectors
3550,articles
555,possible
1520,matches
5946,depend
19438,criterion
2075,personnel
947,22
47609,low-power
1315,completed
7008,hybrid
6653,pharmaceutical
8383,interpreted
10942,stemming
2527,distribution
134,being
7630,conclude
142697,mbr
14462,mentioning
3821,subsequent
3794,existence
1394,expressed
4029,relative
14084,reconcile
8040,advantages
24013,emphatic
5005,properly
8228,solved
90025,two-level
137,back
69559,tenses
26277,valiant
2026,technical
346,know
8927,advertisements
5996,patent
103663,wer
2133,unless
5436,multi
19437,packets
1139,view
2835,citing
99151,generalizing
6814,underlying
43569,32.8
7222,independently
7473,implications
4151,potentially
130310,motivators
1902,specific
311,name
55204,robustly
19949,drafts
37359,probabilities
6116,adapted
12920,constituent
1512,speed
331388,part-of-speech
3774,extension
899,person
103754,story-telling
31439,phonetic
20431,cues
34644,asymmetric
14326,yielding
36044,tagging
2923,breaking
10545,slovak
297523,2.
86942,mwe
896,showed
45951,characterizations
301386,trec
9814,quantities
9564,1-2
16334,exploits
83,if
119264,synthesizes
208,set
1993,m
1132,natural
3568,improving
88576,realizations
15546,diagnostic
13475,330
9775,advocated
1221,experience
13549,differs
813,song
1303,limited
89141,adjectival
5668,significance
2942,competitive
51218,appreciable
126039,quantifier
11980,hypothesis
310,open
95161,46.0
1997,reasons
413,though
22471,avoidance
89279,scoping
43513,scruffy
3208,roughly
157579,presuppositions
45614,dalrymple
9303,assumption
178630,closed-form
230286,sundheim
1127,compared
43968,top-level
61588,paraphrased
10396,comparing
390706,n-ary
3618,participated
3498,circumstances
1898,showing
9387,unification
3192,resolve
46690,csr
29848,textual
64071,rina
3287,trend
3813,ranks
12216,comparisons
93,million
10583,levin
8887,edges
10896,petrol
18100,statistically
4440,belief
2956,ad
5273,involve
701,global
3102,representing
303008,disjunctions
19847,neural
25903,unequal
22,at
12879,retrieve
13972,behavioral
75601,asr
9926,recognizes
176,1
401,whether
985,mission
17458,inefficient
573,nearly
11733,long-term
2435,expectations
4873,demonstration
5102,checks
6512,interpretation
5380,ratio
1219,upon
10552,gaps
1229,finally
10994,translate
1135,style
13516,highlighting
423,others
150747,directionality
353,great
383,close
371,program
17340,transcripts
1259,1992
3530,formation
28352,sable
40695,subsets
25077,selects
12424,verification
2910,applied
1021,23
64856,thesaurus
99983,20k
3402,appropriate
43869,boolean
622,using
3998,brings
981,toward
28331,homogeneous
207,until
9431,herein
9980,signatures
440,less
2211,windows
7356,enhanced
3587,languages
9669,combining
6186,fails
39714,tutorial
102037,ad-hoc
4768,sa
47,its
7996,corresponding
1914,seem
1111,related
65,--
95,us
267399,superordinate
4104,lincoln
36894,phrasing
79983,76.2
30484,culling
229,month
179165,trigram
277267,tape-recorded
9757,placement
36379,exclamation
692,50
21235,distributions
23608,em
23070,floppy
22337,intra
27370,retrieval
19598,glue
4394,movements
3751,external
22786,parameter
2291,chemical
14753,blond
42156,bleu
17183,calculating
4849,strict
11728,width
3233,instance
2690,weak
1350,separate
15929,modules
11995,descriptions
157,former
279900,end-product
9300,broadly
1418,amount
735,published
49300,analogies
17606,removes
6167,explore
74660,modifiers
1510,missing
3518,usual
205223,wordnet
3101,explained
1654,score
74943,congruence
1287,review
4959,involves
2153,characters
218664,co-occurrence
14133,backbone
56873,scalable
26964,plugs
95742,srh
7933,assignment
72,percent
3543,concrete
2986,concept
271354,correctors
49,after
25796,interacting
13837,encyclopedia
2324,require
61571,top-down
5993,picking
3541,sensitive
108946,reformulation
278,system
118868,honorifics
5274,describing
21422,correcting
6309,advances
43576,correlate
1911,r
8512,cluster
115,city
2940,deals
6499,rankings
11494,vector
51463,associative
623,japanese
5100,collins
3390,extensive
60846,automata
6407,linking
6706,underway
925,internet
24685,grounding
61,when
58560,embodying
2653,length
3111,trained
10381,dimensions
34177,regularity
136128,superset
348738,markedness
5054,fix
10204,essays
63574,light-hearted
22619,query
3392,explain
9596,prototype
1479,deep
3834,49
13219,presenter
45478,constrain
161,work
4840,consistent
71164,commonsense
9352,plateau
7179,unified
972,investigation
4523,pipeline
42231,portability
464,age
4274,wright
26563,rewriting
1824,initial
11191,convey
3667,substantial
105420,79.1
21345,disposition
3336,regarding
3542,significantly
13306,selecting
15901,subordinate
31,has
3604,exist
2124,solution
30528,resolves
112993,human-computer
12271,certainty
9298,capturing
25688,instruct
1985,positions
64270,degrades
27751,pointers
1082,joint
2925,contained
29072,np
1558,sites
187,here
13909,realization
6453,identification
48800,priming
66,out
817,ground
11710,hierarchy
4261,procedures
7603,proportion
73030,ccr
5979,99
173647,chunking
4019,argument
594,leading
1122,access
160886,context-sensitive
29936,saturation
46,or
195765,15-fold
9278,constitute
275589,finite-state
1138,costs
301010,non-linguistic
1068,labor
50703,deterministic
36890,mimics
2025,spend
135,down
5757,random
35498,densities
284,following
8016,7.5
2113,increasingly
120411,granularity
7507,pairs
145798,digitalization
2390,leads
4339,considerable
134817,determiners
9076,enrollment
7273,dominate
1191,designed
14538,perceptions
1759,article
17559,harvesting
1543,expect
1215,figures
5807,explains
26833,intuitive
1013,difficult
6129,guaranteed
880,example
20214,dp
26185,focussed
9633,differ
3066,transferred
13417,procedural
6979,tune
13548,attained
106657,resnik
218,left
48027,wildcards
3137,function
7805,introducing
17165,mapped
2365,piece
2270,funding
139028,crl
1698,subject
57362,representational
1084,beginning
41290,incoherent
1362,straight
9094,oracle
6319,98
47304,perceptual
4252,posts
9455,duration
21778,real-time
3025,benchmark
50818,hierarchies
5940,sophisticated
39293,pronoun
142654,regularities
50493,stereotyped
1900,increasing
90016,invocations
12961,oz
12662,facial
6832,horn
3704,arrive
2896,values
8826,relied
101357,dialogs
2103,agents
4641,regard
4740,superior
5706,measured
2387,determine
15125,feasible
15223,swedes
2997,respectively
89896,lookup
31558,gracefully
4073,roots
41295,schema
12128,interchange
5278,reasonable
5707,sequence
45162,slm
22383,estimating
14223,extracted
16109,informing
13845,simpler
17428,coherent
15,was
12548,employing
5514,sprint
103770,mle
5487,exists
245396,pre-processing
202,court
48513,inflection
96901,csg
4363,conversation
18657,mu
38708,satisfactorily
494,different
79607,porting
14210,fielded
4736,element
4897,conventional
1247,reason
70680,plausibility
6893,accessible
77190,referential
5275,closest
296254,cross-validation
242439,generalizable
1649,writing
5604,careful
943,present
2453,speaker
14827,permitting
12902,contributes
48587,toolkit
5839,removal
1851,standards
2834,serves
318370,k-means
2537,acts
100712,unproved
159297,lexically
19434,facilitated
304601,recognizer
12853,mutually
89264,wsj
19405,devise
19114,adopts
541,seen
170,another
34480,coherence
114891,ntpc
6400,automatically
23706,chronological
17118,denotes
1067,rule
73298,generality
9182,mechanisms
12105,dilemma
4413,overcome
41935,real-world
6860,continuous
12468,compares
3468,scenes
58997,pruned
8434,tactical
22429,connectivity
23985,corrective
7075,inevitable
3872,packed
12054,strengths
4422,obtain
254222,theorising
2861,recognized
812,2002
14888,bilingual
8488,segments
3431,deliver
8588,determining
1689,quite
325284,dependency-based
2438,1984
20820,compose
2816,trees
294520,multi-page
9021,correction
81524,sensu
4852,sections
2313,stated
1632,female
20370,diagram
1680,reduce
34496,integrates
4655,essentially
6283,topic
139418,pragmatics
130,any
7879,flexible
72658,extensible
3788,constructed
19631,indicative
384159,disambiguated
2368,learn
11799,correspondence
3828,extreme
13087,spaniards
43,will
19291,implicit
437,side
1413,greater
73373,rightward
5966,answered
1820,45
581,future
17874,correspond
61233,customizable
2763,delivery
100,so
220108,mark-up
60001,nist
558,100
4095,requested
3679,requirements
91657,transducers
34642,specificity
24043,graphical
29,an
384,record
6573,cubic
2143,attacked
14530,phenomena
328980,psycholinguistic
49145,minimizes
5198,collect
11911,salesman
6119,il
12838,parameters
12762,variables
63842,empirically
57407,nlp
982,written
32916,concise
909,products
6303,draws
14280,nominal
1008,track
79207,bidirectional
7578,rejects
2175,possibility
3046,mutual
3313,contrast
20844,dom
143953,np-hard
848,failed
346046,memory-based
16841,edit
414,might
7554,accords
9,'s
1503,units
120346,atis
102297,laplacian
28251,impediment
2345,lies
11501,incorporate
7880,thereby
91,only
10886,byron
13186,synthesis
27816,correctness
1375,recorded
165144,viterbi
2815,academic
55594,communicative
126749,factoid
1045,success
7043,valid
2433,contains
6565,bulgarian
21475,wi
15231,inc
2283,surface
12675,flavors
36048,omissions
1224,standard
212,however
13338,clue
227989,entailment
125,such
287,expected
31871,intuition
716,project
339808,maxent
1120,matter
3419,suggest
343926,polysemy
13896,geared
42283,connective
7163,palmer
1492,lack
4522,copy
1046,changes
7047,architectural
415,free
36782,condensation
19022,enhancement
8703,exploring
334393,deictic
883,performance
10227,probability
1080,rules
4778,authors
9715,detection
920,independent
13940,specifications
7584,aiming
227021,speed-up
2518,feeling
16633,complementary
7658,influences
30507,ie
614,san
1547,claim
21702,customized
5538,acquire
112878,outperforms
283674,nthu
7266,serial
84019,84.6
2048,advance
19701,pertaining
1473,journal
4024,investigations
58508,ascribe
2829,text
19111,quantitative
738,why
4351,aims
115871,speedup
4720,recall
19366,referenced
54378,annotations
11814,variants
7759,elimination
6548,developers
53940,illustrative
16757,similarity
287979,german-english
14310,determines
13844,processors
8693,understands
36664,denoting
25247,18.6
26602,utilizes
1584,largely
35931,visualization
15983,disregard
19186,assign
3417,composed
41641,nomad
5682,forecasts
3846,density
2397,transfer
2469,dialogue
182887,character-based
5062,attractive
11541,embedded
11538,present-day
9243,consist
6417,reflecting
18899,overlapping
95647,reproducible
1218,activities
9888,commands
271571,medium-length
351385,logic-based
4813,equipped
5603,printed
447,building
40795,lexical
2279,demands
2177,determined
15452,finely
10321,dictionary
23718,suppressing
3686,traveling
157856,mrd
14835,databases
14612,identifies
5611,~
6131,distinct
122901,adjacency
3860,chip
2700,models
3974,investigate
10621,lang
35275,pooling
1078,longer
682,live
20644,unify
10560,proposing
25804,abstraction
87789,unconstrained
260,does
1182,measures
5110,audio
3355,factors
38957,aggregation
11231,prediction
17,with
25034,accessing
4776,subjects
18713,mesh
1376,terrorist
88,do
47599,recursive
6551,additionally
2619,asking
6813,damaging
160337,logon
98258,capitalizes
3346,meets
1098,caused
4441,solve
69266,usefully
1062,version
1566,avoid
4243,files
35,were
3328,stable
40963,templates
3438,las
48039,judicious
11431,attributes
137108,machine-readable
44167,pints
11703,frames
673,lower
2987,statements
43003,assembles
562,strong
411,already
5506,displayed
96242,configurable
424,control
2991,37
46371,14.0
990,forward
15162,attribute
3692,selection
32311,reversible
31534,fonts
858,especially
28197,substituting
518,having
101283,attentional
1238,candidate
244435,case-based
15320,attachment
12342,consistency
10853,grouping
11375,deaf
39917,suitably
90951,conjunctions
8957,and/or
2654,tree
13931,adjoining
7337,observation
658,post
10756,al.
2672,discussed
54069,linguistically
82898,morphemes
5595,restricted
4781,raw
22904,implicitly
3721,regarded
917,various
23008,translators
25009,nouns
2964,maximum
314936,reappraising
5943,experiment
28123,computed
5251,perspective
1791,fair
4466,describe
2165,variety
17662,secondly
2036,opposed
6288,belong
96836,functionalities
232,2
6102,160
3434,publication
26662,embodies
372,far
26167,breakdowns
14427,naive
5382,difficulty
4699,useful
338,least
13730,nearing
394,plan
219,good
19049,projecting
29414,sequential
4922,relationships
2105,meant
26032,semantic
7038,vary
7677,furthermore
114458,tractable
1321,numbers
2415,allows
6553,lesser
34401,insightful
98694,spg
13818,spanning
8967,limitations
10116,continuation
80839,rejoinder
48543,head-to-head
916,construction
3183,abandoned
3603,intense
94,could
6937,illustrated
13294,irrelevant
3203,ongoing
4620,warren
2346,expansion
2380,marked
6419,magnitude
6541,compiled
1906,understand
1348,seems
324,20
834,considered
2771,worse
4135,purposes
5516,component
12129,coordinates
4743,definition
690,always
4677,complicated
8585,proposition
1304,material
1383,holding
4447,fundamental
14970,lateral
9025,obtaining
180,used
239,official
7306,compact
9737,relies
11778,analyze
10611,4.4
46728,slipper
225834,89.75
395,financial
8060,input
303,want
1843,islands
4935,tool
2072,volume
20840,threads
38212,learner
966,spent
231,bank
7923,exceeded
1236,carried
25369,elastic
2939,portion
889,means
169112,provably
14622,definitions
1811,towards
23400,polynomial
24153,leeway
7255,highlight
4046,detailed
3372,guide
1923,presented
6177,motivated
10001,owing
1153,response
7488,reveals
16763,unpleasant
3054,increases
3758,string
861,common
217,â€“
618,production
2352,administrative
39144,annotated
7122,conferences
830,legal
228,six
50775,87.5
10448,presumed
156100,three-tiered
22140,implements
35385,underpinning
3000,challenges
6959,strictly
16173,remedies
842,aid
934,comes
144093,svm
14406,proprietary
37619,predictive
32529,obtains
2633,unlike
15224,verb
3598,improvement
283002,deterministically
2325,400
66926,annotation
6829,poorly
5679,exploration
1075,needs
138,off
22476,cohesion
30816,indexing
7650,emotions
20185,characterize
11423,dividing
50,new
28702,matrices
674,list
6258,responding
5467,reflects
9984,readily
8017,contents
116,made
664,job
27956,implementations
18105,vowel
8888,insufficient
1658,appears
13582,f1
19928,linguistics
1476,address
180816,unl
32991,high-quality
30909,hypotheses
7164,symbolic
102683,theoretic
4691,searching
18209,informally
788,training
15909,exploiting
5,and
8194,clause
119,did
712,result
7526,entity
6006,contributing
853,fact
1899,failure
5530,somewhere
28383,cascades
2803,changing
90519,extractive
1994,meetings
2178,onto
6331,mechanical
1977,advanced
16312,tuning
3042,mentioned
7044,connecting
7065,span
83744,fine-grained
9563,optical
4490,facts
1264,phone
10483,promotes
144,including
17277,unrestricted
5865,evolution
1312,1991
124714,discriminative
584,2008
75444,unmodified
2786,expand
2381,statistics
17284,clauses
1747,strategy
25654,predictably
1652,decade
5410,charts
36795,deriving
28842,dependents
14868,retrieved
16631,large-scale
1586,developing
12938,satisfactory
6572,excess
16784,unmarked
3852,noting
514,german
14021,additions
3344,controls
4775,readers
29764,ir
51536,eliciting
4716,unfortunately
132486,ungrammatical
134828,optimizes
155885,crf
146,international
4929,greatly
2827,prove
779,available
6694,wishes
1815,documents
74466,soames
42873,skips
157026,post-processing
48262,reflexive
10793,supervised
75726,transcribing
273824,cder
227936,connectionist
14,is
5336,requiring
10266,keyboard
46844,structuring
13023,combinations
13471,phrases
1465,read
58595,dfa
2685,1982
18169,contrasted
172788,guis
10943,virtue
1720,collection
320418,categorial
45636,isomorphic
369531,hbg
201577,summarization
984,established
17760,algorithms
1601,winter
5000,technique
6526,thoughts
7663,compilation
29298,multiplication
6758,oriented
675,built
200,according
3757,narrow
21822,simulate
119796,syntactically
3976,messages
341,past
96,most
4609,triggered
17480,favorably
14093,interpret
26448,decomposition
523,story
4281,assist
849,network
734,organization
534,board
1009,programs
34997,misspelled
70251,top-ranked
3790,humans
7364,mature
2361,fly
72407,morphologically
929,original
102,what
1807,supported
3769,covering
3294,assigned
797,running
134454,bikel
14222,biased
493,media
86,can
10412,abduction
2944,laid
1428,previously
301,men
84183,88.2
42052,ims
29754,emails
155,those
6506,characterized
127235,hierarchically
323,central
3169,fewer
147558,prosodic
2137,agree
125479,parsers
57724,demonstrative
10578,listeners
57221,robustness
67856,94.3
9876,multimedia
13401,chunk
4400,puts
9854,revision
6287,phrase
9228,enhancing
31916,interruptions
212160,co-occur
71803,bayes
365594,english-french
7090,achieving
4908,relevant
37,this
16463,cue
2440,scientific
40281,checker
3858,architecture
41922,leveraging
621,face
69790,lr
143051,hand-crafted
1958,conducted
1879,follows
19873,pereira
2833,grade
2668,tie
1463,proposal
224048,dcg
90088,misspellings
1208,questions
19499,utilizing
133771,taggers
12947,colon
4663,carries
7536,gesture
98,against
2037,effective
30422,transcribed
66930,catalyze
1027,rise
6815,transformed
504,despite
638,key
8478,excluded
5434,integrated
912,stage
1627,hot
13300,adhere
37124,punctuation
8906,axis
331264,morphosyntactic
2534,supporting
244,among
359,every
11637,enlargement
1181,eventually
1798,tests
22239,foresee
17941,nodes
13551,translates
2174,strength
5134,elaborate
3874,programming
2680,corporation
2176,materials
7667,justify
1599,telephone
11876,framed
8030,avoiding
24424,expletive
7404,skill
11286,module
2185,reading
12979,moderately
4601,realized
6178,placing
1273,estimated
1477,operating
13685,generates
4814,protein
233791,wsd
25668,restarting
6021,unidentified
10492,probable
10388,proposes
9361,restrict
958,events
644,eu
3442,briefly
44853,lemma
15849,simplicity
51780,first-order
3369,targeted
72226,mismatches
5978,registration
283797,60.62
699,middle
6398,frequency
10098,verify
1714,degree
24238,approximation
4223,realize
47821,asl
2542,interested
1623,concerned
2308,fields
24829,basing
104988,usr
9813,precision
4307,recover
1957,via
3352,yield
2016,controlled
728,test
103641,concatenation
103768,cognitively
12293,defends
17617,wikipedia
17008,formulated
356813,cross-linguistically
9150,tendency
4398,obvious
23075,reconciled
23817,browsing
216436,combinatory
11066,environments
22392,typing
2818,path
189435,interpolate
1041,increased
905,class
6685,priorities
16236,backwards
19217,biomedical
5106,forming
715,goal
4514,jiang
9053,logistics
7175,adaptation
14449,bracket
4030,stages
25071,polarization
18525,clarification
2157,reduced
1674,mainly
44747,corroborate
5067,wider
2993,unlikely
40580,architectures
5414,attendance
2892,crucial
317,too
902,majority
63,there
820,newspaper
553,yet
20489,simplify
93298,synonymy
5748,96
3216,pool
6684,identical
63180,handcrafted
200550,phonograms
1662,sun
196525,outputting
26034,specifies
3563,monitoring
11488,thesis
2478,moves
108773,well-written
1031,italian
10296,processed
41,i
15422,bind
1748,1989
47019,evidences
5811,permitted
72346,vice-versa
3952,correct
11178,unstable
206470,nominals
726,hospital
162063,biasing
41810,deduced
5982,speakers
481,important
1481,simply
15527,insights
2823,[
6582,combine
647,likely
1471,discuss
53803,applicability
5203,basically
3222,patient
92544,fsm
85024,ellipsis
955,created
2198,knows
1019,chance
2724,formal
23137,substrate
3063,images
1737,draft
4390,biological
8264,6.5
845,brought
10727,friedman
17219,notation
21186,specifying
7284,realistic
17045,deduction
13070,nec
591,almost
8966,shallow
7588,ace
64661,idiosyncrasies
51308,encyclopedias
69640,propositional
305,case
350,earlier
121,national
1673,easy
53141,schematic
79091,multi-level
38916,conversational
14926,constructing
30571,comprehension
3008,choose
13359,mediate
2432,write
72541,computes
1386,required
9105,acquiring
77212,deductive
557,special
7120,evolved
5258,restoration
9838,verbal
31741,illuminating
10673,recognizing
5241,objective
2846,grown
189,should
93436,priors
59586,augmenting
13017,stresses
2613,polish
36855,inescapable
51294,tacitus
560,interest
5320,graphic
992,poor
146199,inferential
3891,associate
2708,extremely
35355,relational
9818,predictions
5999,investigated
259857,event-based
116999,ofthe
11098,defines
1554,type
41349,deviations
4582,observed
35360,bottleneck
40099,methodologies
56570,hypertext
33508,montague
7051,associations
2375,check
764,gold
1521,basis
1161,&
4345,excellent
4251,prospect
11598,neglected
28774,learners
135546,xml-based
7641,blog
2338,improved
10415,scenic
35472,readable
3647,distributed
979,described
968,effort
549,full
2049,slow
70199,dataset
9480,projections
3531,compensation
159,make
110,while
5507,assume
236,each
1251,1993
387147,lambek
342,de
22656,negligible
34636,low-cost
5542,i.e.
8336,closes
4118,reflect
37222,classifies
16460,slavic
228285,stereotypic
1650,appear
1071,sometimes
1210,create
2634,researchers
522,services
28564,foundered
72438,adverbs
79,time
3171,performances
816,tv
50013,sequentially
196212,hlt
14939,mandarin
4735,depth
27858,constraint
24643,assigning
6326,predict
23058,syntax
3720,essential
4956,lyrics
246,times
8671,unnecessary
1280,pass
11965,feedback
2240,vs.
18245,avoids
2150,digital
7476,namely
374596,genre-specific
2210,edge
5753,organizing
124074,interactively
11338,speeding
773,instead
22743,thematic
2413,forms
3036,circuit
8624,metric
143933,rule-based
34035,arcs
986,associated
7419,platforms
1716,watch
652,8
45527,aggregates
2399,argued
6992,manual
770,event
1115,whole
8603,su
36,not
19706,detecting
1216,victims
688,sent
729,hong
11121,retaining
4602,detail
72864,synthesizing
318,al
757,care
1293,speech
88235,segmental
167145,lfg
2199,speak
9423,fourteen
3596,successfully
1405,additional
9404,expectation
1540,resources
30063,inference
4910,questioning
13179,isolate
21208,temporal
1148,systems
2446,revealed
4752,spots
1472,perhaps
10950,dash
1746,nature
807,fall
2336,existing
234,use
357,small
2831,primarily
600,together
1015,wall
4916,mistakes
438,seven
9009,accuracy
8445,concepts
118362,addressee
1436,placed
154502,parametrized
6792,basque
11666,assessed
3166,1.5
60586,fillers
172,news
3174,teaching
79431,conglomeration
1594,bit
1392,candidates
2344,decisions
24713,indexed
4358,difficulties
32461,causal
1227,giving
13544,linguistic
751,done
1374,words
374,statement
117,like
55413,exemplify
1416,status
5237,understood
2350,medicine
2066,providing
4036,confirm
15582,planner
54408,face-to-face
46164,analysing
12987,explanations
3354,roles
9734,poses
177424,negations
48886,automate
2873,display
1422,debate
1023,adding
1310,concern
73889,overheads
8127,differently
3523,false
16377,elaborating
3252,restrictions
6249,conversion
942,beijing
1054,believed
69393,second-order
3816,competing
33816,redundancy
1823,directly
22073,horizons
4022,rarely
53962,incrementally
69883,parser
5640,discussing
55231,inferences
22667,locating
22054,exhaustive
85950,mappings
3494,tested
21566,kernel
36259,reconstructing
1587,approach
2007,basic
14844,noisy
5928,demonstrate
15230,algebra
51660,converges
133617,roget
152,high
27729,parc
13009,genres
921,kind
24806,underline
3464,map
422,5
3940,seeded
7946,distinctive
1411,levels
5416,severely
153,part
13464,scripts
31678,interplay
6545,focuses
13176,restriction
139439,derivational
4596,utility
10738,repeating
48282,phonological
9321,variation
22910,filtered
2720,ideas
6898,concentrated
711,english
3485,reduction
21748,prc
10042,distinguish
476,asked
109086,scf
5667,protocol
22356,modular
10294,outline
196,york
9299,occurring
91542,commas
60207,iterative
6290,hub
6683,simultaneously
5361,warrant
3462,entirely
1107,noted
1032,language
16053,behaviors
10,for
4945,maintaining
150,both
1222,=
5723,initiatives
6354,domain
1629,channel
3513,remote
11097,convenient
119373,ctl
659,social
25557,groupings
606,hours
43817,semi-automatic
327010,non-literal
5497,choices
11184,sequences
103240,enumerating
5941,weakness
270,service
1485,alone
11406,demonstrates
2168,answer
142845,protein-protein
1776,smaller
4295,proof
662,look
7628,appealing
1124,conditions
20095,investigates
995,question
27249,centering
184754,formalisms
50557,formalism
1657,ability
9533,arose
2703,filled
10410,processor
617,february
7170,theories
3131,temporary
1058,heart
225535,goal-directed
505,level
1857,fully
8902,desired
32506,taxonomic
6975,directions
1758,larger
2817,networks
11482,expressions
77896,quantifying
191,very
2874,achieve
9947,identities
2967,requires
192026,4gb
86501,86.9
73536,grammatically
114602,off-line
17616,tutor
1100,sign
80227,predicates
15700,indices
20,it
12,that
46697,comma
45261,encodes
1455,1990
397,recent
923,paul
348,french
38520,classifying
1844,initially
247651,re-usable
114,now
302214,rcg
5280,]
12404,linux
9614,stems
12490,6.3
51327,interpolation
10358,concludes
2589,users
40201,randomized
3041,discussions
2189,accounts
24206,spectral
500,working
482,southern
253197,describable
35155,tailoring
9192,likewise
419,information
3248,signal
546,process
2626,express
7896,minimal
106,before
223880,lemmas
559,plans
30047,mil
1996,prior
7986,mps
2166,opinion
67635,multiplicative
19815,redundant
166,house
7221,tables
368632,dags
5080,produces
146934,pagerank
12058,fundamentally
11658,automated
654,things
18863,cas
30197,dictionaries
2246,32
24558,classify
192894,edr
6643,eventual
3290,literature
11377,phases
17837,ch
3139,42
5282,permit
202331,carnegie-mellon
22562,attributable
4404,aspects
4997,attempting
15026,razor
13734,conveyed
6063,enrichment
878,scored
13967,richer
68,other
4349,depending
1446,true
4984,integration
1625,command
29305,elicited
1557,environment
90788,morpheme
1261,effect
2953,phase
2532,reality
14448,presentations
125074,lnr
5399,enable
7814,shifting
21174,calculus
14023,appropriately
3502,rapid
410,lead
7963,comparable
4344,introduction
41236,phonology
3241,method
2769,diego
9071,instances
148551,grs
4711,terminal
3463,investigating
301612,appropriator
22915,polarized
52319,paradigms
66824,exhaustively
1968,d
8450,affects
38081,quadratic
99694,maximally
583,island
21497,evaluations
799,mark
605,hard
50852,imp
3977,manner
13197,treats
2797,compete
1170,web
6083,translation
137831,bootstrapping
99152,otp
756,living
4117,argue
292517,node-based
3472,effectively
4817,sufficient
5528,seeds
6707,tracking
8562,labeled
1519,section
193972,presupposition
10998,preceding
85029,chine
41388,compositional
592,single
25853,extracting
7547,everyday
4671,generated
158,these
40436,introspection
4414,summary
9067,certification
2675,creation
6293,intensive
2109,represented
2086,extended
107425,optimisation
2604,importance
3737,departure
116292,webcasting
1143,travel
15820,extraction
13160,wizard
8414,stark
881,getting
13842,comparative
1092,begin
444,main
55106,grammars
35159,pruning
10867,minimize
1790,develop
5284,shall
23431,extracts
2314,theory
6173,scope
2748,represents
3859,reducing
106942,calibrating
5576,select
1949,orders
478,october
131209,emoticons
3108,profile
10645,incomplete
24303,sl
9559,essay
4637,implement
15532,grouped
1336,complete
2170,task
10770,accumulated
39805,segmented
125913,optimality
5332,considers
1959,image
9630,interface
2511,avenue
3410,g
25597,usefulness
894,personal
21,by
115043,contiguity
1688,complex
8443,computing
27859,cohesive
1907,vehicle
585,2006
54,would
4154,engines
171336,trainable
15648,tags
40225,multilingual
124,under
7290,transformation
253,see
164444,adhoc
1870,discovered
8347,helpful
35310,ferret
2921,expensive
51704,transcriptions
113,because
615,issues
241986,54.55
159926,collocation
3429,bases
10671,possess
128928,annotate
28638,unnatural
2713,treated
21034,filtering
646,gave
727,kong
36942,interprets
6731,structural
5440,root
9662,thorough
39,they
2092,minor
4380,symbol
10292,supplement
7540,grid
14512,exceeds
10232,adapt
23177,proficiency
11443,enables
10009,complexity
10094,fits
18317,excludes
152021,anaphora
40183,smoothing
74985,computationally
32791,piped
27320,successively
4014,zero
7123,97
11515,devised
7761,encountered
244509,conjuncts
547,agreement
1010,1995
71848,lcs
3112,bigger
4341,functions
5289,virtual
2266,marine
243,based
91089,87.2
25380,prevails
10534,exploitation
19579,simplest
2842,understanding
9807,conjunction
61890,visualized
8917,insight
5131,occurs
126,second
10122,harmful
5438,intel
38843,linde
4966,frame
294872,97.24
255,report
1292,online
3373,participants
186785,vsm
1491,newspapers
11825,analyzed
271,children
1605,fast
13911,introduces
1515,beyond
136516,toolkits
7693,failures
51699,eca
1918,broadcast
12130,discovering
885,1998
8300,tends
221,university
9741,exotic
10172,rooted
87731,reordering
873,thing
176772,videodisc
143979,counterexamples
296144,collocations
36720,rm
1713,voice
176425,drt
14234,illustrate
3480,properties
999,attention
5780,surprising
1012,includes
22548,incremental
12573,interval
7572,extends
8882,applies
30,be
101,them
3723,handling
7195,searched
4531,structures
5829,boundaries
33139,channeling
255534,coordinations
58,first
1863,accept
164743,non-overlapping
6003,sum
5213,regardless
4757,promising
230538,denotational
169466,equivalences
4949,"500,000"
21463,converge
67042,deviates
2141,voting
60892,segmentation
166688,text-to-speech
27833,augment
5346,consideration
6152,styles
20335,memos
5096,operators
71452,80.5
897,light
946,1999
49712,decoder
2972,1974
20131,graceful
14323,incorporating
2056,clearly
52051,inflected
5897,dramatically
13560,pragmatic
6931,define
280,support
1194,modern
7028,casting
4061,counterpart
336142,message-passing
2574,testing
3890,converted
433,making
59467,cross-platform
1159,idea
3989,tend
108396,quantifiers
40177,ambiguities
7094,detected
15568,randomly
52970,automaton
286,meeting
95519,grolier
15493,intentional
37751,kernels
11253,predicts
1204,goals
2470,consecutive
26,his
79184,96.6
6924,advocacy
18984,reproduce
2053,captured
5459,comparison
3,of
2151,gains
14783,judgement
9365,solving
6144,strategies
8382,viable
3869,2.5
32855,replete
2719,shared
171349,small-sized
16889,numerical
2443,selected
45452,high-performance
2559,remarks
24725,uniformly
141334,posteriori
17292,xerox
3250,application
949,allow
936,nothing
9724,relying
6016,bulk
5045,adopt
282,play
1140,usually
16573,labeling
44758,dynamically
1034,serious
3428,capable
22617,ensembles
46157,three-way
35685,complicates
36133,inferred
10117,abstract
10634,fitting
5903,reject
3011,1978
12633,simultaneous
18689,conceptual
49788,switchboard
144941,71.0
129,group
5456,satisfied
172777,nitpick
3310,applications
13425,profiles
3663,helps
257,held
2204,divided
44861,discourses
47227,seven-year
71841,ocr
67201,94.1
11797,planners
33709,on-line
34487,communicator
178,military
398051,language-independent
31332,semantics
124645,i.e
1385,regular
52580,dumber
2389,bottom
580,call
13897,imperative
844,management
348433,task-based
1711,produce
37128,mismatch
82,years
3393,dramatic
232889,subtrees
2272,learned
74829,computer-based
79488,reiteration
28976,compute
102507,acyclic
274,/
2555,weight
18809,lt
16570,methodology
1526,remaining
181,much
38,who
4343,66
795,24
5095,equally
16635,ne
1154,developed
243472,cfg
823,hand
61333,dictation
2776,scores
3220,ranking
1507,sound
5900,yields
72055,co-ordinated
14627,basics
15054,numbering
30622,linguists
6667,costly
6789,conversations
117296,pronominal
1266,attempt
22415,javelin
671,problems
327,chinese
1198,provided
294,final
1669,introduced
9457,preference
3599,universal
10310,answering
155252,non-deterministic
250,local
4681,discrimination
3318,trains
28819,validate
19620,formulas
11166,accomplishments
35695,conforms
98638,np-complete
14359,discusses
6723,tasks
54118,alphabets
200628,e.g
22226,mt
8289,varied
391614,cross-domain
7486,intentions
3062,iii
5034,operational
8824,ge
706,clear
6289,presentation
4418,storage
6071,examine
6890,informal
14654,blogs
99906,madcow
96246,10.08
1306,property
82893,cmu
15418,weights
338445,unsegmented
30990,adjectives
6528,trends
11387,laughed
1546,active
3488,format
1006,range
331623,substrings
488,include
1744,editor
42874,9000
44333,keywords
24961,confines
62655,gazetteer
1922,pretty
5871,bearing
1447,originally
14282,conditional
3125,producing
2937,expert
537,workers
2996,apartment
395042,graph-based
839,currently
5172,incorporated
40987,stochastic
261311,re-ordering
63923,noone
21764,eliminates
5040,ourselves
33125,one-time
5908,proven
8069,server
289589,task-oriented
50786,customization
120,just
2009,recovery
4460,longest
8044,directing
1240,highest
50688,completeness
11893,dominating
5035,experiences
7112,expressing
261,own
11453,109
1337,non
66220,obtainable
2146,looks
44128,deviant
5786,extending
2333,difference
3734,proper
121357,two-phase
188,?
619,areas
97934,arpa
3736,developments
216,general
16127,conform
122183,semicolon
3358,discovery
343,half
22322,augmented
793,similar
7918,possibilities
2121,scale
3554,collected
6586,divide
5902,requirement
2684,whatever
6379,edited
70140,35.0
117748,simplifications
141503,agglutinative
5612,indicates
9492,kit
1000,themselves
6647,tag
4235,contribution
677,efforts
120055,computer-assisted
951,computer
2755,pieces
215,same
4111,reconstruction
6616,genre
223,number
460,order
9591,entries
85017,vocabularies
50680,utterances
30477,formalized
42650,captions
2599,studied
7145,choosing
2247,returning
131,through
34757,viz
104406,ccg
13951,anatomy
78543,atn
20569,analogy
23785,interdisciplinary
1232,experts
810,relations
95008,leverages
385,along
2648,repeatedly
17632,establishes
75876,non-english
198,public
77,some
53275,multidimensional
4316,executed
501,community
6118,segment
89493,extractor
277067,pushdown
6941,proceeds
215617,multi-component
3540,contain
15562,discourse
18253,queries
3595,preliminary
1666,gets
2282,unable
9351,disambiguation
5697,accurate
4417,crossed
15117,illustrates
73,than
166051,intractability
69935,open-ended
3047,factor
29624,latent
531,across
2047,feature
104214,compactly
2563,negative
5424,recordings
205731,black-box
2021,intended
25514,modelling
105,during
8205,conclusions
665,2000
1079,terms
6933,i.
11611,refined
156711,coarse-grained
362,head
17823,geometric
1876,safe
41079,aligning
3349,performing
10956,posing
1433,impact
83623,discursive
6180,proceed
5593,maintains
327109,concordances
578,keep
5862,representation
1678,35
4074,acquisition
9743,enabling
376,although
610,field
1524,resolution
5002,situations
48,one
32446,retrieving
1722,shown
81572,classifier
1864,c
5562,notion
6260,boundary
38994,interacts
1354,speaking
214745,sstc
5089,designs
380591,memorisation
16771,relevance
6137,whereas
3831,p.
1003,itself
25892,synonym
7484,distinction
2544,favor
16637,token
599,minutes
25472,attaining
112,states
16406,mileage
12750,modifications
6,in
22953,lattice
21657,exploratory
2044,location
2569,pair
5617,genetic
12155,sketch
12721,constituents
9937,3d
4745,suffer
3437,dealing
2590,possibly
13958,mercer
2801,multiple
281,series
125283,occam
94235,73.1
64305,ontological
10633,inevitably
5324,efficiency
1307,paper
101955,classifiers
2505,electronic
8674,bare
3659,commonly
1761,sri
17754,outward
36767,articulation
5194,delays
2482,engineering
30430,cyclic
10269,variant
824,hope
53958,parsing
733,believe
54623,inductive
21899,ogden
7379,usage
2489,knowledge
14600,probing
21530,efficacy
5217,determination
28804,redefine
5863,sample
7069,designers
21829,intersections
1757,identified
1643,saudi
18871,unseen
8010,persistent
4832,user
7332,evaluation
1073,raised
151058,formalising
8134,employs
3295,discussion
6516,creates
21681,repository
16641,induction
1789,performed
111,where
8067,responses
9971,handles
7301,sheffield
2571,drawn
19581,subjective
12792,intriguing
806,study
6828,layer
24943,bridging
7434,intend
2280,code
49106,quantified
10140,grounded
3529,methods
11544,accurately
1672,survey
41011,hands-on
0,the
5261,enhance
202056,aretz
12977,scheduling
85490,86.6
36440,biases
7088,suitable
6122,experimental
18231,assembling
2116,helping
9565,strings
1395,character
83561,automating
391397,non-parallel
390,must
1311,confirmed
3337,easier
2498,pilot
80743,categorizing
29636,directional
2229,library
1488,target
29188,hierarchical
189795,disambiguate
109984,salience
17715,systemic
9338,kumar
49540,repositories
7048,displays
9711,predicting
1901,talking
